studio	https://www.collins1.com/
studio	https://koto.studio/
studio	https://locomotive.ca/en
studio	https://studiofreight.com/
studio	https://obys.agency/
studio	https://www.instrument.com/
studio	https://www.manualcreative.com/
studio	https://heystudio.es/
studio	https://www.wolffolins.com/
studio	https://www.ragged-edge.com/
studio	https://mucho.ag/
studio	https://order.design/
studio	https://www.basicagency.com/
studio	https://fantasy.co/
studio	https://lusion.co/
studio	https://dogstudio.co/
studio	https://www.buildinamsterdam.com/
studio	https://area17.com/
studio	https://www.dixonbaxi.com/
studio	https://www.spin.co.uk/
studio	https://andwalsh.com/
studio	https://www.superunion.com/
luxury	https://www.hermes.com/us/en/
luxury	https://www.cartier.com/en-us/
luxury	https://www.rolex.com/
luxury	https://www.patek.com/en/home
luxury	https://www.bottegaveneta.com/en-us
luxury	https://www.loropiana.com/en/
luxury	https://www.therow.com/
luxury	https://www.byredo.com/
luxury	https://www.lemaire.fr/
luxury	https://www.aman.com/
luxury	https://www.rosewoodhotels.com/en/default
luxury	https://www.jacquemus.com/
finance	https://www.pictet.com/
finance	https://www.lombardodier.com/
finance	https://www.hoaresbank.co.uk/
finance	https://www.rothschildandco.com/en/
finance	https://www.juliusbaer.com/en/
finance	https://www.coutts.com/
finance	https://www.lazard.com/
finance	https://www.evercore.com/
finance	https://www.centerviewpartners.com/
finance	https://www.pjtpartners.com/
finance	https://www.pwpartners.com/
finance	https://www.kkr.com/
finance	https://www.sequoiacap.com/
finance	https://a16z.com/
law	https://www.wlrk.com/
law	https://www.cravath.com/
law	https://www.slaughterandmay.com/
law	https://www.freshfields.com/
law	https://www.cleary.com/
consulting	https://www.mckinsey.com/
consulting	https://www.bain.com/
consulting	https://www.bcg.com/
editorial	https://press.stripe.com/
editorial	https://pudding.cool/
editorial	https://www.itsnicethat.com/
editorial	https://www.kinfolk.com/
editorial	https://www.apartamentomagazine.com/
editorial	https://www.the-brandidentity.com/
editorial	https://www.theatlantic.com/
craft	https://stripe.com/
craft	https://linear.app/
craft	https://vercel.com/
craft	https://rauno.me/
craft	https://family.co/
craft	https://teenage.engineering/
craft	https://www.raycast.com/
craft	https://www.apple.com/
craft	https://www.framer.com/
craft	https://www.arc.net/
award	https://igloo.inc/
award	https://redcollar.co/
award	https://www.terrenohotel.com/en/
award	https://mejuma-tuscany.com/
award	https://www.eladiodieste.com/
award	https://www.palaraiffeisen.ch/
award	https://boc.studio/
award	https://www.maisonlesgrandschenes.com/
award	https://archives.surfersjournal.com/
award	https://jakobsencopenhagen.com/
award	https://tekt.com.au/
award	https://lambert-lambert.com/
award	https://sort-office.com/
award	https://exemplarfromsweden.com/
award	https://www.unanima.uk/
thai	https://www.tilleke.com/
thai	https://www.wcp.co.th/
thai	https://www.cadsondemak.com/
thai	https://www.farmgroup.co.th/
thai	https://www.rosewoodhotels.com/en/bangkok
thai	https://www.capellahotels.com/en/capella-bangkok
thai	https://www.mandarinoriental.com/en/bangkok/chao-phraya-river
thai	https://www.pwc.com/th/en.html
thai	https://www.scb.co.th/en/personal-banking.html
